epoch,acc,iou,loss,lr,precision,recall,val_acc,val_iou,val_loss,val_precision,val_recall
0,0.7397593855857849,0.1751691848039627,0.5656993985176086,1e-04,0.3261735439300537,0.5812962651252747,0.8306361436843872,0.11957400292158127,0.5394759178161621,0.0,0.0
1,0.8502843976020813,0.21611228585243225,0.40346312522888184,1e-04,0.537320613861084,0.5580379962921143,0.8305745124816895,0.10479313880205154,0.46928173303604126,0.34981274604797363,0.00042074231896549463
